{
  "AWSTemplateFormatVersion": "2010-09-09",
  "Description": "This template creates a rds database with sql server engine",
  "Parameters": {},
  "Resources": {
    "MySNSTopic": {
      "Type": "AWS::SNS::Topic",
      "Properties": {
        "TopicName": "NewTopic"
      }
    },
    "LambdaSNSFromRDS": {
      "Type": "AWS::Lambda::Function",
      "Properties": {
        "FunctionName": "lambdaSNSFromRDS",
        "Handler": "awsdb.main_function",
        "Code": {
          "ZipFile": "fileb://function.zip"
        },
        "Runtime": "python3.7",
        "Timeout": 300,
        "Role": {
          "Fn::GetAtt": [
            "LambdaExecutionRole",
            "Arn"
          ]
        }
      }
    },
    "LambdaExecutionRole": {
      "Type": "AWS::IAM::Role",
      "Properties": {
        "AssumeRolePolicyDocument": {
          "Version": "2012-10-17",
          "Statement": [
            {
              "Effect": "Allow",
              "Action": [
                "sts:AssumeRole"
              ],
              "Principal": {
                "Service": [
                  "lambda.amazonaws.com"
                ]
              }
            }
          ]
        },
        "Path": "/",
        "Policies": [
          {
            "PolicyName": "root",
            "PolicyDocument": {
              "Version": "2012-10-17",
              "Statement": [
                {
                  "Effect": "Allow",
                  "Action": "*",
                  "Resource": "*"
                }
              ]
            }
          }
        ]
      }
    },
    "RootInstanceProfile": {
      "Type": "AWS::IAM::InstanceProfile",
      "Properties": {
        "Path": "/",
        "Roles": [
          {
            "Ref": "LambdaExecutionRole"
          }
        ]
      }
    },
    "RDSMSSQL": {
      "Type": "AWS::RDS::DBInstance",
      "Properties": {
        "AllocatedStorage": "20",
        "DBInstanceClass": "db.t3.small",
        "DBInstanceIdentifier": "sqldatabase",
        "DBSnapshotIdentifier" : "arn:aws:rds:us-east-1:389076917675:snapshot:sanpshot-to-create-database-tables",
        "MasterUsername":"Seainin",
        "MasterUserPassword":"password",
        "Engine": "sqlserver-ex",
        "PubliclyAccessible": true,
        "Port": "3306",
        "DBSubnetGroupName": {
          "Ref": "DBSubnetGroup"
        },
        "VPCSecurityGroups": [
          {
            "Ref": "AllowAllConnections"
          }
        ]
      }
    },
    "AllowAllConnections": {
      "Type": "AWS::EC2::SecurityGroup",
      "Properties": {
        "GroupDescription": "Allow all connections to rds database",
        "VpcId": {
          "Ref": "myVPC"
        },
        "SecurityGroupIngress": [
          {
            "IpProtocol": "-1",
            "FromPort": 0,
            "ToPort": 3306,
            "CidrIp": "0.0.0.0/0"
          }
        ],
        "SecurityGroupEgress": [
          {
            "IpProtocol": "-1",
            "FromPort": -1,
            "ToPort": -1,
            "CidrIp": "0.0.0.0/0"
          }
        ]
      }
    },
    
    "myVPC": {
      "Type": "AWS::EC2::VPC",
      "Properties": {
        "CidrBlock": "10.0.0.0/24",
        "EnableDnsSupport": "true",
        "EnableDnsHostnames": "true"
      }
    },
    "subnet1": {
      "Type": "AWS::EC2::Subnet",
      "Properties": {
        "AvailabilityZone": "us-east-1a",
        "CidrBlock": "10.0.0.0/25",
        "VpcId": {
          "Ref": "myVPC"
        }
      }
    },
    "subnet2": {
      "Type": "AWS::EC2::Subnet",
      "Properties": {
        "AvailabilityZone": "us-east-1b",
        "CidrBlock": "10.0.0.128/25",
        "VpcId": {
          "Ref": "myVPC"
        }
      }
    },
    "DBSubnetGroup": {
      "Type": "AWS::RDS::DBSubnetGroup",
      "Properties": {
        "DBSubnetGroupDescription": "Subnet for the rds db",
        "SubnetIds": [
          {
            "Ref": "subnet1"
          },
          {
            "Ref": "subnet2"
          }
        ]
      }
    },
    "myInternetGateway": {
      "Type": "AWS::EC2::InternetGateway",
      "Properties": {
        "Tags": [
          {
            "Key": "stack",
            "Value": "production"
          }
        ]
      }
    },
    "AttachGateway": {
      "Type": "AWS::EC2::VPCGatewayAttachment",
      "Properties": {
        "VpcId": {
          "Ref": "myVPC"
        },
        "InternetGatewayId": {
          "Ref": "myInternetGateway"
        }
      }
    }
  }
}